scaling,pca_components,k,metric,weights,mean_macro_f1,std_macro_f1,fold1_macro_f1,fold2_macro_f1,fold3_macro_f1,fold4_macro_f1,fold5_macro_f1
minmax,100,7,cosine,distance,0.8260771799824361,0.007088553344023369,0.8206281790705614,0.8316019402740575,0.8341491669055738,0.8288104169939942,0.8151961966679935
minmax,100,5,cosine,distance,0.8256132937389287,0.007906685442872716,0.820211654407173,0.8366295082732493,0.8275031247888895,0.8299330843356338,0.8137890968896982
standard,50,7,manhattan,distance,0.8244817040477622,0.010113761603572274,0.8253189856995803,0.8300170389159103,0.810674731004253,0.8396407476102331,0.8167570170088345
standard,100,3,manhattan,distance,0.8237713357263801,0.008915073696194485,0.8298054226650402,0.825364299441523,0.8285838647593659,0.8289074463179243,0.8061956454480462
standard,100,7,cosine,distance,0.8235418640483696,0.007413118647290482,0.8120275090418666,0.8312703573397939,0.8295981428866183,0.8270545448088017,0.817758766164767
minmax,50,5,cosine,distance,0.8234738909676699,0.011294679924643137,0.815504565725465,0.8390149431913757,0.816322796481513,0.8351292374862884,0.811397911953707
standard,100,5,manhattan,distance,0.8232089396699166,0.011252565614836396,0.8185127452005888,0.8310004296989246,0.8242318466515185,0.8375938870253989,0.8047057897731529
minmax,100,5,manhattan,distance,0.8231771584880574,0.008588095613481398,0.8148256980441223,0.8338167050142709,0.833164185571094,0.8193580257162543,0.8147211780945458
minmax,100,7,manhattan,distance,0.8221101097175321,0.008011497177933589,0.8161671031276283,0.8316931882204319,0.8281719301743019,0.8246739018696514,0.8098444251956464
standard,50,3,manhattan,distance,0.8220207573192374,0.010060132982617508,0.8296467354567338,0.8371802242327158,0.8120857274571696,0.8198847801255379,0.8113063193240302
standard,100,7,cosine,uniform,0.8217364621736142,0.008432540418392247,0.8095101605044202,0.8315896908150003,0.8287815661298696,0.8243209495353667,0.8144799438834133
minmax,100,7,cosine,uniform,0.8213017756076454,0.007056689446087982,0.8151343664280789,0.8286256168600008,0.8292432058467523,0.8218937042751625,0.8116119846282324
minmax,50,7,cosine,distance,0.82129776463886,0.0071145370434520004,0.8177857483821581,0.8274910888952232,0.8188692972705203,0.8310825058401445,0.8112601828062544
minmax,100,3,cosine,distance,0.821135024150089,0.00904105047619926,0.8218470613962907,0.8333100429133014,0.8238611255510404,0.8214107693258414,0.8052461215639711
minmax,50,5,manhattan,uniform,0.8208953785682711,0.014781608586261286,0.8134704283598921,0.8430160251738605,0.8195569111728807,0.8293334368472559,0.7991000912874662
minmax,100,5,cosine,uniform,0.820666471542858,0.007745196300381961,0.8113350525288473,0.8295492597634826,0.8237182062055186,0.8271514420008345,0.8115783972156073
standard,50,7,manhattan,uniform,0.8203413185278334,0.0069274025617606415,0.8230031876261241,0.8277072437974275,0.8088226784494326,0.8258202257956431,0.8163532569705403
standard,100,7,manhattan,distance,0.820329037325091,0.011648271846861314,0.8127227091393069,0.8378632970729637,0.8222700544241773,0.8253239081985043,0.8034652177905025
minmax,100,5,manhattan,uniform,0.8202126975177793,0.010906495769194717,0.8183437980925408,0.835767857454551,0.827087209580263,0.8166654703548237,0.8031991521067174
standard,50,7,cosine,distance,0.8200804743994901,0.0111545907655689,0.8119781766876102,0.8271547394055615,0.8180670360482134,0.837377027102724,0.8058253927533411
standard,50,5,manhattan,distance,0.8199360684308914,0.008412705807516671,0.823039421213928,0.8293253913884506,0.816396951380385,0.8255456525240774,0.8053729256476154
minmax,50,5,manhattan,distance,0.8198532170508421,0.013146668842780597,0.8120432599142923,0.8360275804406709,0.8210322086995223,0.8308079417826727,0.7993550944170527
minmax,50,5,cosine,uniform,0.8195717646013749,0.01066073331759719,0.8116223781855174,0.838391710197708,0.8158225414047647,0.8234763390713967,0.808545854147488
standard,100,5,cosine,distance,0.8191667059672344,0.007431583941504601,0.8196366616873503,0.8304905550896386,0.8223556539190137,0.8152306743062251,0.8081199848339444
minmax,100,5,euclidean,distance,0.8188324595762673,0.0037454517143966043,0.8209599744617133,0.8230387518724515,0.8215125343167123,0.8140857333063369,0.8145653039241225
standard,50,3,manhattan,uniform,0.8188085623835383,0.01152384486772404,0.8284133086303214,0.8337196481405925,0.807804473308607,0.8203300636574632,0.8037753181807072
minmax,50,3,cosine,distance,0.8188078274230837,0.008101746453142862,0.8173281651963776,0.8305249021694265,0.819397053755383,0.8214492269541223,0.8053397890401085
standard,50,5,cosine,distance,0.8187845655627026,0.008694578205212812,0.813722603605442,0.8306724682867538,0.8134638396325714,0.8275605939471449,0.8085033223416012
minmax,50,7,cosine,uniform,0.8186569953259959,0.005922892162173348,0.811613188476929,0.8240984720519918,0.8211437196657675,0.8249082091354761,0.8115213872998144
minmax,100,3,manhattan,distance,0.818633391075628,0.010401383229214262,0.8102309944039252,0.8217473567187288,0.836461766460723,0.8180278139421331,0.8066990238526299
standard,100,3,cosine,distance,0.8185644506960031,0.007966306612398694,0.8243343669614089,0.8202452419789061,0.8191733491110353,0.8256778929944394,0.803391402434225
minmax,100,7,manhattan,uniform,0.8181634835142211,0.009728669396719767,0.816007008477157,0.829675685843698,0.8255494652523938,0.8181997306762023,0.8013855273216542
standard,100,5,manhattan,uniform,0.818071743223763,0.01128191430572422,0.8102486864500225,0.8263231618984289,0.8256530551390011,0.8285162678396711,0.799617544791691
minmax,30,7,cosine,distance,0.8179551909147593,0.00843792620558733,0.8070444507485819,0.8293678819710311,0.8216603680024882,0.8223370307287198,0.8093662231229752
standard,100,3,manhattan,uniform,0.8178780493654635,0.0101314646065343,0.827662029854739,0.823800785501749,0.8168363315466655,0.8222462235922089,0.7988448763319544
minmax,50,7,manhattan,distance,0.8178716569323843,0.010841506530361958,0.8100127883771584,0.8338244434409766,0.82364956259875,0.8193571514102018,0.802514338834835
standard,100,7,manhattan,uniform,0.8177824744827913,0.009905892106917415,0.8094379622999064,0.8317196749063974,0.8211927298945891,0.8226244686561609,0.8039375366569027
minmax,30,5,cosine,distance,0.8175618819024282,0.00817105858022259,0.8093594392129629,0.8249509919734395,0.8177027176363708,0.828186619474723,0.8076096412146446
minmax,100,3,cosine,uniform,0.8171753470807277,0.011249374817651911,0.8158675183496984,0.8303158186860905,0.8223516957771139,0.8206481689413618,0.7966935336493741
minmax,100,5,euclidean,uniform,0.8171140799363641,0.005863697832578871,0.8230118266688977,0.8242496132952757,0.816964210753483,0.809407086090002,0.8119376628741618
standard,50,5,manhattan,uniform,0.8170422706341712,0.008486186420976148,0.8214334536760755,0.8248866538881204,0.8119174123161448,0.8241573127476205,0.8028165205428948
minmax,100,7,euclidean,distance,0.8169687449778144,0.0036950515105072476,0.8173340157281528,0.8179731060155581,0.8225627603105563,0.8158937519428736,0.8110800908919306
minmax,30,5,manhattan,distance,0.8168135040335882,0.01012019605348868,0.827355219623968,0.8231025663654661,0.8104255681325565,0.8231263703522107,0.8000577956937402
minmax,50,3,manhattan,distance,0.8166224157804972,0.009274369457357651,0.8196593306832443,0.8214805320708269,0.8214280906481649,0.8223860426903944,0.7981580828098556
minmax,100,3,euclidean,distance,0.8165847639115601,0.009478603320606824,0.8206618085417146,0.8307340522228424,0.8183911096227832,0.8103418818916142,0.8027949672788459
minmax,50,7,manhattan,uniform,0.8164727348081428,0.009097605463058767,0.8086747736701726,0.8287617303618375,0.8223376998111569,0.8188440178366342,0.8037454523609128
minmax,30,7,euclidean,distance,0.8162820025578037,0.006472827107160418,0.8207234625247037,0.8178874174998565,0.8034806685907376,0.8191602230178121,0.820158241155909
minmax,50,5,euclidean,distance,0.8162571864776778,0.0057479509705150155,0.8117965192307424,0.8265664651352971,0.8139910559897825,0.8181715829992904,0.8107603090332768
standard,30,7,cosine,distance,0.8161538470830522,0.007617179902509171,0.8085530075716865,0.8299929295193594,0.8106195596135107,0.8180310025885154,0.813572736122189
standard,100,7,euclidean,distance,0.8161069569421612,0.008001635947702024,0.8168439389287686,0.8257643793017472,0.8139619209768816,0.8216697574996517,0.8022947880037572
minmax,50,3,euclidean,distance,0.8159241879115215,0.009231663139820458,0.8127984507398812,0.8281437144349948,0.8137415262377315,0.8233861582592619,0.8015510898857384
minmax,50,7,euclidean,distance,0.8155064153483543,0.005186377037716634,0.8126488446695058,0.8242019749832877,0.8162665730961981,0.8159735374621473,0.8084411465306325
standard,50,7,euclidean,distance,0.8154682581726,0.0057897646166980895,0.8181060503704352,0.8195125193670805,0.8068958150725518,0.8222879448329377,0.8105389612199957
standard,50,3,cosine,distance,0.8151266517834443,0.009589906764640587,0.8218490127948238,0.8225018313877754,0.8028427817083132,0.8244107434231923,0.8040288896031171
standard,100,3,euclidean,distance,0.8151148225939308,0.009401278435430593,0.8206001207314447,0.8218741638349949,0.8151749183657406,0.8210131007767345,0.7969118092607387
minmax,100,3,manhattan,uniform,0.8151005055171391,0.011394881547042266,0.8059932675399925,0.8215659040310491,0.8308701468873345,0.818273705914699,0.7987995032126206
standard,50,5,euclidean,distance,0.8147954758505975,0.011556086675929111,0.8140275022284488,0.821164769412017,0.8042928476335287,0.8331244391165586,0.801367820862434
minmax,100,7,euclidean,uniform,0.8142617911745607,0.006178450068139359,0.815118123739745,0.815229990473836,0.8212320715760357,0.8170035845977566,0.8027251854854303
minmax,50,3,manhattan,uniform,0.8140957348115812,0.010536740790669175,0.8205503944687489,0.8232173329877657,0.8134133462698403,0.8192755381156853,0.7940220622158649
standard,100,3,cosine,uniform,0.8139491756923082,0.007528518266528532,0.823299434849552,0.8173841966840729,0.8155350699059165,0.8130240131846405,0.8005031638373591
standard,100,5,cosine,uniform,0.8138518103566537,0.00918390345083663,0.8119287413376457,0.8266033920868733,0.8193069169612667,0.8125321361715256,0.7988878652259563
standard,100,5,euclidean,distance,0.813740062349458,0.011146705574839925,0.8094083965334526,0.8265483949529164,0.8111814417073516,0.8251749674820911,0.7963871110714782
minmax,30,7,manhattan,distance,0.8134838566577383,0.00776683249145778,0.8179934092929428,0.8136613331478022,0.8140539790294667,0.8224118161042646,0.7992987457142154
minmax,30,5,cosine,uniform,0.8129084006038928,0.008830320944527074,0.8049954893866703,0.8210127424877545,0.8143563764727947,0.8234495480437787,0.8007278466284665
minmax,100,3,euclidean,uniform,0.8127506830392587,0.012108853433205046,0.8256620980426186,0.8243319831176302,0.8117463684372849,0.8098220764286104,0.7921908891701495
minmax,30,5,euclidean,distance,0.8126091257833172,0.007573983934896107,0.8140033011878561,0.8180608064949428,0.8002392021201896,0.8219624015879671,0.8087799175256304
minmax,50,5,euclidean,uniform,0.8126082299542899,0.005080192110368792,0.8068053950930791,0.8221037984108855,0.8111851802222831,0.810924642320437,0.8120221337247655
standard,50,7,euclidean,uniform,0.8123524508191927,0.00675789450372062,0.8118025017250646,0.8218635018948625,0.8013003458622752,0.8159716639599918,0.8108242406537698
minmax,30,5,manhattan,uniform,0.8123315157451738,0.01021550712430789,0.8182155982091768,0.8226267123762128,0.8030405962983658,0.820530434637254,0.7972442372048605
minmax,30,7,cosine,uniform,0.8123206670659954,0.0095858533618805,0.8032765511479194,0.8253027199482486,0.8110658844719634,0.8210770861067802,0.8008810936550652
minmax,30,3,cosine,distance,0.8123160980603978,0.00993009554199961,0.8074052496674586,0.8229963798473309,0.803542880711918,0.8255091926001065,0.8021267874751757
standard,100,7,euclidean,uniform,0.8122101460772393,0.010682382472809471,0.8128939430852148,0.8250004644991247,0.8128769789663061,0.8175105808782034,0.7927687629573482
standard,50,5,euclidean,uniform,0.8120811440557443,0.012119913267104177,0.8114499393897919,0.8211799357691947,0.7939221320394001,0.8286435856413806,0.8052101274389534
minmax,50,7,euclidean,uniform,0.8119762730653681,0.005061831632127662,0.8104141759330716,0.8197620422965514,0.8121037884847867,0.813537096504876,0.8040642621075543
standard,100,5,euclidean,uniform,0.811893365355681,0.01153079780457198,0.8100646160628855,0.8211049254539174,0.8095646512511452,0.8260756627512261,0.792656971259231
minmax,30,7,euclidean,uniform,0.8116192378479372,0.007197634934893076,0.8153485497528191,0.8179796426101612,0.8006159875945202,0.8185249750748428,0.8056270342073422
minmax,50,3,cosine,uniform,0.8115743563358168,0.009790441627049461,0.8025768246621926,0.8272996164906846,0.8101029101522222,0.8171634211427798,0.8007290092312045
minmax,30,3,manhattan,distance,0.8115396167411971,0.007534172635915173,0.8159556943908116,0.81835321400753,0.7991482716635057,0.8177627813678724,0.8064781222762658
standard,50,3,euclidean,distance,0.8114410593463711,0.009474398545225754,0.8121498583098484,0.8230494027454454,0.7982043887898354,0.8202054273789944,0.8035962195077324
minmax,30,7,manhattan,uniform,0.8114008918451561,0.009079208558975307,0.8199748888613122,0.8165194750330175,0.8073210391394483,0.8177659057756808,0.7954231504163215
standard,50,3,cosine,uniform,0.8110654105579599,0.01001921304082513,0.8179489988609848,0.8207586392849981,0.7965352308622059,0.8186258030499424,0.8014583807316684
standard,50,7,cosine,uniform,0.8103726858330852,0.012398139328593216,0.7976187687882261,0.8171385671557421,0.8110901717740748,0.8295265201406472,0.796489401306736
standard,30,7,euclidean,distance,0.8103217322756728,0.0076724057061727325,0.8066906493742779,0.8089363542978469,0.7985875360530816,0.8179092176439632,0.8194849040091949
minmax,50,3,euclidean,uniform,0.8103172124063622,0.010082823168192978,0.8106031961618255,0.8236591016608464,0.8013687666046133,0.8189138057166805,0.7970411918878451
standard,50,5,cosine,uniform,0.8101363578491464,0.01093027400493449,0.8005297536949243,0.8217534885114489,0.807517999339856,0.8239137542790944,0.7969667934204081
standard,30,7,manhattan,distance,0.8097440683997015,0.008870517429806973,0.8041618618942493,0.8216588690231555,0.7991029173563998,0.818890877415761,0.8049058163089414
standard,30,5,cosine,distance,0.8097002540544572,0.007653967446706927,0.7969139603938228,0.8171908775133163,0.8068563151671082,0.8177764744873791,0.8097636427106603
standard,100,3,euclidean,uniform,0.8093835878644832,0.012020508677030665,0.818200808693866,0.8226511457004484,0.8097141267188677,0.8086008795720907,0.7877509786371425
minmax,30,3,euclidean,distance,0.809306175999601,0.01121146257406339,0.8079449643144179,0.8235363576869785,0.7987793088956582,0.8205965819917896,0.7956736671091603
minmax,100,1,cosine,uniform,0.8092077162446284,0.005364942087506118,0.8014252448261093,0.8180279215875933,0.8106770256999039,0.8083067784526387,0.8076016106568968
minmax,100,1,cosine,distance,0.8092077162446284,0.005364942087506118,0.8014252448261093,0.8180279215875933,0.8106770256999039,0.8083067784526387,0.8076016106568968
standard,50,3,euclidean,uniform,0.8090049544505306,0.010367474519008647,0.8147537157858231,0.8204444374744719,0.7959794020228418,0.8168024645081375,0.7970447524613784
standard,30,7,cosine,uniform,0.808780405568041,0.005355014554901391,0.8049045855190904,0.8179211136729057,0.8028661867710449,0.8112979662303644,0.8069121756467993
minmax,30,5,euclidean,uniform,0.8080592981493883,0.006642381745010404,0.8091599496577615,0.8142536581657778,0.7979147494684713,0.8155690008904234,0.8033991325645079
standard,100,1,cosine,uniform,0.8077053465214549,0.007937317655194573,0.8055575029878203,0.8176239206212881,0.8103612169467619,0.8111696914996891,0.7938144005517154
standard,100,1,cosine,distance,0.8077053465214549,0.007937317655194573,0.8055575029878203,0.8176239206212881,0.8103612169467619,0.8111696914996891,0.7938144005517154
standard,30,5,euclidean,distance,0.8075180934102333,0.005123817063788149,0.8045654392548179,0.8154675278268984,0.8017435795503429,0.811492234767812,0.8043216856512952
standard,30,5,manhattan,distance,0.8073830323923632,0.008341973946153986,0.8060804345362762,0.822382681480508,0.805675290248408,0.8062085574722542,0.7965681982243702
standard,30,7,manhattan,uniform,0.8072917944545679,0.00892914042098068,0.8029982835869767,0.8203235805633581,0.8007934856855978,0.8152726165887861,0.7970710058481211
minmax,100,1,euclidean,uniform,0.8071535991224025,0.006337574441797666,0.8131012038501106,0.8124435687257578,0.8091073749501586,0.8053871770459805,0.7957286710400048
minmax,100,1,euclidean,distance,0.8071535991224025,0.006337574441797666,0.8131012038501106,0.8124435687257578,0.8091073749501586,0.8053871770459805,0.7957286710400048
minmax,30,3,euclidean,uniform,0.8070577913117372,0.013417280998831617,0.8076160889686429,0.8245659891157043,0.793870081621736,0.8188916513530998,0.7903451454995032
minmax,30,3,cosine,uniform,0.8069957907796667,0.01099866866031693,0.8011399398608162,0.8218497394139668,0.7993512715754681,0.8183723832119021,0.7942656198361795
standard,30,3,manhattan,distance,0.8061743453182111,0.008933985740698468,0.8067959223275052,0.8223895185712282,0.7989427352268865,0.8056924673709094,0.7970510830945254
standard,30,3,cosine,distance,0.8061652582863532,0.009852838924771292,0.7980215893351186,0.8237554367416546,0.8062929795291904,0.8070265582834913,0.7957297275423112
standard,30,3,euclidean,distance,0.8058551540030429,0.008148570003411215,0.7978084419655141,0.8190864072431314,0.797273557490741,0.8100801948179358,0.8050271684978922
standard,30,3,euclidean,uniform,0.8056988050636423,0.009922181753307405,0.8017683624686927,0.8154360216577524,0.7923676738064451,0.8188407398479564,0.8000812275373645
standard,100,1,manhattan,distance,0.8053913002263899,0.01358579667918242,0.8172683502945135,0.815238102543528,0.8074098937704723,0.807643089220871,0.7793970653025644
standard,100,1,manhattan,uniform,0.8053913002263899,0.01358579667918242,0.8172683502945135,0.815238102543528,0.8074098937704723,0.807643089220871,0.7793970653025644
standard,50,1,cosine,uniform,0.8053082438369868,0.007638748858396999,0.8067030535054419,0.8105692020005761,0.8014941804373408,0.8149224386107414,0.7928523446308338
standard,50,1,cosine,distance,0.8053082438369868,0.007638748858396999,0.8067030535054419,0.8105692020005761,0.8014941804373408,0.8149224386107414,0.7928523446308338
standard,30,5,cosine,uniform,0.8051659708779493,0.011126751378836067,0.7889336605619491,0.8177792036353996,0.8057073258370868,0.8164877813508948,0.7969218830044167
standard,30,7,euclidean,uniform,0.8050401216540749,0.007688455795155947,0.7999345118514645,0.8118426563626773,0.7927207895053627,0.8076093989227864,0.8130932516280833
minmax,100,1,manhattan,uniform,0.8039605408238477,0.007715961110159223,0.8033801364871291,0.8057807281725966,0.8127388737164688,0.8080835657822177,0.7898193999608266
minmax,100,1,manhattan,distance,0.8039605408238477,0.007715961110159223,0.8033801364871291,0.8057807281725966,0.8127388737164688,0.8080835657822177,0.7898193999608266
minmax,30,3,manhattan,uniform,0.8038602602598696,0.008133490244094875,0.8102552886738283,0.8108010464005106,0.7947519052550213,0.8104009969350917,0.793092064034896
minmax,50,1,manhattan,distance,0.8036635472342452,0.01112679700052921,0.8082996088148227,0.8076663253280746,0.812960367651713,0.8076231673751642,0.7817682670014515
minmax,50,1,manhattan,uniform,0.8036635472342452,0.01112679700052921,0.8082996088148227,0.8076663253280746,0.812960367651713,0.8076231673751642,0.7817682670014515
standard,30,3,manhattan,uniform,0.8033690057657861,0.009076695984040645,0.805590841805191,0.8166441468087425,0.7984540926280675,0.8067560990236492,0.7893998485632798
standard,30,3,cosine,uniform,0.8033284479253664,0.011138987280895159,0.79817601089228,0.8201702872919924,0.7946624976931803,0.8125526592547526,0.7910807844946273
standard,100,1,euclidean,uniform,0.8030325532555901,0.01124041958945013,0.8037207694038117,0.8180437828627888,0.8075718944305654,0.802413545057264,0.7834127745235213
standard,100,1,euclidean,distance,0.8030325532555901,0.01124041958945013,0.8037207694038117,0.8180437828627888,0.8075718944305654,0.802413545057264,0.7834127745235213
standard,50,1,manhattan,distance,0.8027987861432123,0.007012645442908411,0.8095706972276459,0.8109315492971986,0.8025084031207459,0.7991667111545115,0.7918165699159598
standard,50,1,manhattan,uniform,0.8027987861432123,0.007012645442908411,0.8095706972276459,0.8109315492971986,0.8025084031207459,0.7991667111545115,0.7918165699159598
standard,30,5,manhattan,uniform,0.8027442010666951,0.008474517612936933,0.8073029746243522,0.8120529421894641,0.7976571775930849,0.808029332600164,0.7886785783264095
minmax,30,1,cosine,uniform,0.8023712537087757,0.0068360113698665076,0.797227997305088,0.8064134181024922,0.7921908260567125,0.8114460802036397,0.8045779468759464
minmax,30,1,cosine,distance,0.8023712537087757,0.0068360113698665076,0.797227997305088,0.8064134181024922,0.7921908260567125,0.8114460802036397,0.8045779468759464
minmax,50,1,cosine,uniform,0.8020446835647623,0.0063359114235479385,0.7956823378561115,0.8041170339750947,0.8081018446562908,0.8088322854116168,0.7934899159246983
minmax,50,1,cosine,distance,0.8020446835647623,0.0063359114235479385,0.7956823378561115,0.8041170339750947,0.8081018446562908,0.8088322854116168,0.7934899159246983
minmax,50,1,euclidean,distance,0.8020236808806225,0.00745381553516595,0.8078388887071073,0.8077349224470074,0.8019536716314363,0.8048316190836934,0.787759302533868
minmax,50,1,euclidean,uniform,0.8020236808806225,0.00745381553516595,0.8078388887071073,0.8077349224470074,0.8019536716314363,0.8048316190836934,0.787759302533868
standard,30,5,euclidean,uniform,0.8015440295264913,0.008973747061915342,0.7941213075979958,0.8102369911056563,0.7901226145516652,0.8133279850807436,0.7999112492963958
standard,50,1,euclidean,uniform,0.8006069739307142,0.007933576863017638,0.7958461627552198,0.8086945107378185,0.796107395839692,0.8113349148428799,0.7910518854779609
standard,50,1,euclidean,distance,0.8006069739307142,0.007933576863017638,0.7958461627552198,0.8086945107378185,0.796107395839692,0.8113349148428799,0.7910518854779609
minmax,30,1,manhattan,distance,0.7992460062206876,0.00688679478609375,0.8022507990713578,0.8095282328559466,0.792977427701118,0.8011433749589779,0.7903301965160381
minmax,30,1,manhattan,uniform,0.7992460062206876,0.00688679478609375,0.8022507990713578,0.8095282328559466,0.792977427701118,0.8011433749589779,0.7903301965160381
minmax,30,1,euclidean,uniform,0.7989336423685462,0.00859328806084652,0.800055274714065,0.8102849636603466,0.7879580076159778,0.8058507152510093,0.7905192506013329
minmax,30,1,euclidean,distance,0.7989336423685462,0.00859328806084652,0.800055274714065,0.8102849636603466,0.7879580076159778,0.8058507152510093,0.7905192506013329
standard,30,1,cosine,uniform,0.7966386323294146,0.00785892147825599,0.7976958210094903,0.8009485089727617,0.7977785757816312,0.8049317832309726,0.7818384726522167
standard,30,1,cosine,distance,0.7966386323294146,0.00785892147825599,0.7976958210094903,0.8009485089727617,0.7977785757816312,0.8049317832309726,0.7818384726522167
standard,30,1,manhattan,distance,0.7907223992696977,0.006026261901772029,0.7975712109541201,0.7957979159473274,0.7883224894871503,0.7913358401688523,0.7805845397910383
standard,30,1,manhattan,uniform,0.7907223992696977,0.006026261901772029,0.7975712109541201,0.7957979159473274,0.7883224894871503,0.7913358401688523,0.7805845397910383
standard,30,1,euclidean,distance,0.7867164783858085,0.004476277083739099,0.7852595607683324,0.7932851781410428,0.7869639779090879,0.7885364292733412,0.7795372458372378
standard,30,1,euclidean,uniform,0.7867164783858085,0.004476277083739099,0.7852595607683324,0.7932851781410428,0.7869639779090879,0.7885364292733412,0.7795372458372378
